,hyperglycemia_wholeday,hyperglycemia_daytime,hyperglycemia_overnight,hyperglycemia_critical_wholeday,hyperglycemia_critical_daytime,hyperglycemia_critical_overnight,range_wholeday,range_daytime,range_overnight,range_sec_wholeday,range_sec_daytime,range_sec_overnight,hypoglycemia_level1_wholeday,hypoglycemia_level1_daytime,hypoglycemia_level1_overnight,hypoglycemia_level2_wholeday,hypoglycemia_level2_daytime,hypoglycemia_level2_overnight
manual,31.163194444444443,25.34722222222222,11.631944444444443,22.22222222222222,17.1875,10.069444444444445,63.71527777777777,44.878472222222214,18.836805555555554,47.56944444444444,34.80902777777778,17.01388888888889,6.828703703703703,6.3657407407407405,1.3888888888888888,4.340277777777778,4.340277777777778,0.0
auto,22.547043010752688,19.802867383512545,6.54380341880342,8.038194444444446,7.32638888888889,4.74537037037037,73.44310035842294,51.63530465949821,21.80779569892473,56.74283154121864,38.32885304659498,19.02777777777778,5.404589371980677,5.257936507936509,2.3148148148148153,1.6292735042735045,1.6292735042735045,
